data_year,period,period_label,metric,dim_value_canon,scope,unit,from_report_id,from_value,to_report_id,to_value,delta,delta_pct,is_latest_step,n_vintages
2018,FY,2018,funding_by_vertical_size,artificial_intelligence,all,usd,2018,600000.0,2023,9500000.0,8.9e+06,1483.33,TRUE,2
2018,FY,2018,funding_by_vertical_count,artificial_intelligence,all,count,2018,5.0,2023,13.0,8,160.00,TRUE,2
2018,FY,2018,funding_by_vertical_count,internet_of_things,all,count,2018,5.0,2023,10.0,5,100.00,TRUE,2
2020,FY,2020,funding_by_vertical_size,grocery_delivery,all,usd,2020,10000000.0,2023,0.0,-1e+07,-100.00,FALSE,3
2021,FY,2021,funding_by_vertical_size,gaming,all,usd,2021,265000000.0,2023,520000000.0,2.55e+08,96.23,FALSE,6
2020,FY,2020,funding_by_vertical_size,gaming,all,usd,2020,8000000.0,2023,14700000.0,6.7e+06,83.75,FALSE,4
2018,FY,2018,funding_by_vertical_count,fintech,all,count,2018,10.0,2023,18.0,8,80.00,TRUE,2
2025,FY,2025,funding_by_vertical_count,healthtech,all,count,2025,29.0,2026q2,51.0,22,75.86,TRUE,2
2022,FY,2022,funding_by_vertical_size,gaming,all,usd,2022,362000000.0,2023,108300000.0,-2.537e+08,-70.08,FALSE,6
2018,FY,2018,funding_by_vertical_count,saas,all,count,2018,10.0,2023,17.0,7,70.00,TRUE,2
2020,FY,2020,funding_by_vertical_count,ecommerce,all,count,2020,7.0,2023,11.0,4,57.14,TRUE,2
2020,FY,2020,funding_by_vertical_size,marketplace,all,usd,2020,3000000.0,2025,4700000.0,1.7e+06,56.67,TRUE,2
2020,FY,2020,funding_by_vertical_count,fintech,all,count,2020,16.0,2023,25.0,9,56.25,FALSE,4
2024,FY,2024,funding_by_vertical_count,artificial_intelligence,all,count,2024,75.0,2025,115.0,40,53.33,FALSE,3
2020,FY,2020,funding_by_vertical_count,gaming,all,count,2020,12.0,2023,18.0,6,50.00,FALSE,4
2020,FY,2020,funding_by_vertical_count,marketingtech,all,count,2020,4.0,2025,6.0,2,50.00,TRUE,2
2025,FY,2025,funding_by_vertical_count,sustainability,all,count,2025,10.0,2026q2,15.0,5,50.00,TRUE,2
2019,FY,2019,funding_by_vertical_size,fintech,all,usd,2019,8400000.0,2023,4300000.0,-4.1e+06,-48.81,FALSE,3
2025,FY,2025,funding_by_vertical_count,biotech,all,count,2025,17.0,2026q2,25.0,8,47.06,TRUE,2
2018,FY,2018,funding_by_vertical_size,restaurant,all,usd,2018,1500000.0,2023,2200000.0,700000,46.67,TRUE,2
2024,FY,2024,funding_by_vertical_count,biotech,all,count,2024,52.0,2025,76.0,24,46.15,FALSE,3
2020,FY,2020,funding_by_vertical_size,artificial_intelligence,all,usd,2024,43300000.0,2025,63200000.0,1.99e+07,45.96,TRUE,4
2020,FY,2020,funding_by_vertical_count,saas,all,count,2020,25.0,2023,36.0,11,44.00,FALSE,4
2024,FY,2024,funding_by_vertical_count,healthtech,all,count,2024,42.0,2025,60.0,18,42.86,FALSE,3
2024,FY,2024,funding_by_vertical_count,sustainability,all,count,2024,28.0,2025,40.0,12,42.86,FALSE,3
2021,FY,2021,funding_by_vertical_count,fintech,all,count,2021,29.0,2023,40.0,11,37.93,FALSE,5
2019,FY,2019,funding_by_vertical_count,artificial_intelligence,all,count,2019,11.0,2023,15.0,4,36.36,FALSE,3
2020,FY,2020,funding_by_vertical_size,gaming,all,usd,2023,14700000.0,2024,20000000.0,5.3e+06,36.05,FALSE,4
2020,FY,2020,funding_by_vertical_count,artificial_intelligence,all,count,2020,14.0,2023,19.0,5,35.71,FALSE,4
2020,FY,2020,funding_by_vertical_size,ecommerce,all,usd,2020,6000000.0,2023,8000000.0,2e+06,33.33,TRUE,2
2020,FY,2020,funding_by_vertical_size,retailtech,all,usd,2020,6000000.0,2023,8000000.0,2e+06,33.33,TRUE,2
2022,FY,2022,funding_by_vertical_count,marketingtech,all,count,2022,9.0,2025,12.0,3,33.33,TRUE,2
2024,FY,2024,funding_by_vertical_count,gaming,all,count,2024,21.0,2025,28.0,7,33.33,FALSE,3
2025,FY,2025,funding_by_vertical_count,artificial_intelligence,all,count,2025,81.0,2026q2,108.0,27,33.33,TRUE,2
2020,FY,2020,funding_by_vertical_count,artificial_intelligence,all,count,2024,19.0,2025,25.0,6,31.58,TRUE,4
2020,FY,2020,funding_by_vertical_count,deeptech,all,count,2020,13.0,2023,17.0,4,30.77,FALSE,3
2019,FY,2019,funding_by_vertical_size,saas,all,usd,2019,8300000.000000001,2023,5800000.0,-2.5e+06,-30.12,FALSE,3
2020,FY,2020,funding_by_vertical_size,fintech,all,usd,2020,20000000.0,2023,25900000.0,5.9e+06,29.50,FALSE,4
2024,FY,2024,funding_by_vertical_count,energy,all,count,2024,21.0,2025,27.0,6,28.57,FALSE,3
2025,FY,2025,total_deal_count,,all,count,2025,306.0,2026q2,388.0,82,26.80,TRUE,2
2023,FY,2023,funding_by_vertical_count,artificial_intelligence,all,count,2023,47.0,2024,59.0,12,25.53,FALSE,4
2024,FY,2024,total_deal_count,,all,count,2024,469.0,2025,588.0,119,25.37,FALSE,3
2021,FY,2021,funding_by_vertical_size,artificial_intelligence,all,usd,2024,20500000.0,2025,25700000.0,5.2e+06,25.37,FALSE,6
2019,FY,2019,funding_by_vertical_count,internet_of_things,all,count,2023,4.0,2024,3.0,-1,-25.00,TRUE,2
2022,FY,2022,funding_by_vertical_count,artificial_intelligence,all,count,2023,31.0,2024,38.0,7,22.58,FALSE,5
2019,FY,2019,funding_by_vertical_count,saas,all,count,2019,14.0,2023,17.0,3,21.43,FALSE,3
2023,FY,2023,funding_by_vertical_count,fintech,all,count,2023,33.0,2024,40.0,7,21.21,FALSE,4
2024,FY,2024,funding_by_vertical_count,saas,all,count,2024,33.0,2025,40.0,7,21.21,FALSE,3
2021,FY,2021,funding_by_vertical_count,artificial_intelligence,all,count,2024,41.0,2025,49.0,8,19.51,FALSE,5
2022,FY,2022,funding_by_vertical_count,artificial_intelligence,all,count,2022,26.0,2023,31.0,5,19.23,FALSE,5
2020,FY,2020,funding_by_vertical_size,deeptech,all,usd,2020,7000000.0,2025,8300000.000000001,1.3e+06,18.57,TRUE,2
2025,FY,2025,funding_by_vertical_size,marketingtech,all,usd,2025,13800000.0,2026q1,16300000.0,2.5e+06,18.12,FALSE,3
2025,FY,2025,funding_by_vertical_size,saas,all,usd,2025,15200000.0,2026q1,17800000.0,2.6e+06,17.11,FALSE,3
2025,FY,2025,funding_by_vertical_count,saas,all,count,2025,24.0,2026q2,28.0,4,16.67,TRUE,2
2025,FY,2025,funding_by_vertical_count,gaming,all,count,2025,32.0,2026q2,37.0,5,15.62,TRUE,2
2021,FY,2021,funding_by_vertical_size,marketingtech,all,usd,2024,2700000.0,2025,3100000.0,400000,14.81,FALSE,4
2023,FY,2023,funding_by_vertical_size,artificial_intelligence,all,usd,2025,43400000.0,2026q1,49800000.0,6.4e+06,14.75,FALSE,5
2023,FY,2023,funding_by_vertical_count,gaming,all,count,2023,41.0,2024,47.0,6,14.63,FALSE,4
2018,FY,2018,funding_by_vertical_count,ecommerce,all,count,2018,7.0,2023,8.0,1,14.29,TRUE,2
2022,FY,2022,funding_by_vertical_count,deeptech,all,count,2023,21.0,2025,24.0,3,14.29,FALSE,3
2023,FY,2023,funding_by_vertical_count,biotech,all,count,2024,7.0,2025,8.0,1,14.29,FALSE,3
2022,FY,2022,funding_by_vertical_count,artificial_intelligence,all,count,2024,38.0,2025,43.0,5,13.16,FALSE,5
2022,FY,2022,funding_by_vertical_count,gaming,all,count,2022,24.0,2023,27.0,3,12.50,FALSE,5
2019,FY,2019,funding_by_vertical_count,fintech,all,count,2019,17.0,2023,19.0,2,11.76,FALSE,3
2023,FY,2023,funding_by_vertical_count,healthtech,all,count,2023,17.0,2024,19.0,2,11.76,FALSE,4
2021,FY,2021,funding_by_vertical_count,artificial_intelligence,all,count,2021,35.0,2023,39.0,4,11.43,FALSE,5
2021,FY,2021,funding_by_vertical_size,artificial_intelligence,all,usd,2025,25700000.0,2026q1,28600000.0,2.9e+06,11.28,FALSE,6
2019,FY,2019,funding_by_vertical_size,artificial_intelligence,all,usd,2023,5400000.0,2024,4800000.0,-600000,-11.11,TRUE,3
2020,FY,2020,funding_by_vertical_count,gaming,all,count,2023,18.0,2024,20.0,2,11.11,FALSE,4
2023,FY,2023,funding_by_vertical_count,deeptech,all,count,2023,18.0,2025,20.0,2,11.11,FALSE,3
2020,FY,2020,funding_by_vertical_size,artificial_intelligence,all,usd,2020,39000000.0,2023,43300000.0,4.3e+06,11.03,FALSE,4
2025,FY,2025,funding_by_vertical_size,artificial_intelligence,all,usd,2025,36400000.0,2026q1,40300000.0,3.9e+06,10.71,FALSE,3
2023,FY,2023,funding_by_vertical_size,marketingtech,all,usd,2026q1,4700000.0,2026q2,5200000.0,500000,10.64,TRUE,4
2023,FY,2023,funding_by_vertical_size,artificial_intelligence,all,usd,2024,39300000.0,2025,43400000.0,4.1e+06,10.43,FALSE,5
2021,FY,2021,funding_by_vertical_size,saas,all,usd,2023,9700000.0,2024,10700000.0,1e+06,10.31,FALSE,5
2023,FY,2023,funding_by_vertical_count,artificial_intelligence,all,count,2024,59.0,2025,65.0,6,10.17,FALSE,4
2023,FY,2023,funding_by_vertical_size,fintech,all,usd,2023,27900000.0,2024,30700000.0,2.8e+06,10.04,FALSE,5
2024,FY,2024,funding_by_vertical_count,fintech,all,count,2024,30.0,2025,33.0,3,10.00,FALSE,3
2019,FY,2019,funding_by_vertical_count,deeptech,all,count,2019,11.0,2023,12.0,1,9.09,TRUE,2
2023,FY,2023,funding_by_vertical_size,artificial_intelligence,all,usd,2023,36100000.0,2024,39300000.0,3.2e+06,8.86,FALSE,5
2022,FY,2022,funding_by_vertical_count,fintech,all,count,2022,34.0,2023,37.0,3,8.82,FALSE,5
2023,FY,2023,funding_by_vertical_count,saas,all,count,2023,34.0,2024,37.0,3,8.82,FALSE,4
2020,FY,2020,funding_by_vertical_size,saas,all,usd,2020,50000000.0,2023,54200000.0,4.2e+06,8.40,FALSE,4
2023,FY,2023,funding_by_vertical_size,gaming,all,usd,2024,32400000.0,2025,35100000.0,2.7e+06,8.33,FALSE,5
2023,FY,2023,funding_by_vertical_size,saas,all,usd,2023,40900000.0,2024,44300000.0,3.4e+06,8.31,FALSE,5
2025,FY,2025,funding_by_vertical_count,fintech,all,count,2025,39.0,2026q2,42.0,3,7.69,TRUE,2
2021,FY,2021,funding_by_vertical_size,fintech,all,usd,2021,64000000.0,2023,68900000.0,4.9e+06,7.66,FALSE,6
2021,FY,2021,funding_by_vertical_size,artificial_intelligence,all,usd,2023,19100000.0,2024,20500000.0,1.4e+06,7.33,FALSE,6
2022,FY,2022,funding_by_vertical_count,gaming,all,count,2024,28.0,2025,30.0,2,7.14,FALSE,5
2022,FY,2022,funding_by_vertical_count,internet_of_things,all,count,2023,14.0,2024,15.0,1,7.14,TRUE,2
2025,FY,2025,funding_by_vertical_count,deeptech,all,count,2025,14.0,2026q2,15.0,1,7.14,TRUE,2
2019,FY,2019,funding_by_vertical_size,artificial_intelligence,all,usd,2019,5800000.0,2023,5400000.0,-400000,-6.90,FALSE,3
2020,FY,2020,funding_by_vertical_count,healthtech,all,count,2020,15.0,2023,16.0,1,6.67,FALSE,4
2023,FY,2023,funding_by_vertical_count,sustainability,all,count,2024,15.0,2025,16.0,1,6.67,FALSE,3
2021,FY,2021,funding_by_vertical_count,deeptech,all,count,2021,31.0,2023,33.0,2,6.45,FALSE,4
2023,FY,2023,funding_by_vertical_count,gaming,all,count,2024,47.0,2025,50.0,3,6.38,FALSE,4
2024,FY,2024,total_deal_count,,ex_getir_bigg,count,2024,237.0,2025,252.0,15,6.33,FALSE,3
2023,FY,2023,funding_by_vertical_count,artificial_intelligence,all,count,2025,65.0,2026q2,69.0,4,6.15,TRUE,4
2021,FY,2021,funding_by_vertical_size,artificial_intelligence,all,usd,2021,18000000.0,2023,19100000.0,1.1e+06,6.11,FALSE,6
2022,FY,2022,funding_by_vertical_count,saas,all,count,2022,33.0,2023,35.0,2,6.06,FALSE,5
2024,FY,2024,funding_by_vertical_count,fintech,all,count,2025,33.0,2026q2,35.0,2,6.06,TRUE,3
2025,FY,2025,funding_by_vertical_size,gaming,all,usd,2026q1,181000000.0,2026q2,191800000.0,1.08e+07,5.97,TRUE,3
2025,FY,2025,total_deal_count,,ex_getir_bigg,count,2025,202.0,2026q2,214.0,12,5.94,TRUE,2
2024,FY,2024,funding_by_vertical_count,deeptech,all,count,2025,17.0,2026q2,18.0,1,5.88,TRUE,2
2025,FY,2025,funding_by_vertical_count,energy,all,count,2025,18.0,2026q2,19.0,1,5.56,TRUE,2
2021,FY,2021,funding_by_vertical_size,gaming,all,usd,2024,520000000.0,2025,491500000.0,-2.85e+07,-5.48,FALSE,6
2022,FY,2022,funding_by_vertical_count,fintech,all,count,2023,37.0,2024,39.0,2,5.41,FALSE,5
2021,FY,2021,funding_by_vertical_count,artificial_intelligence,all,count,2023,39.0,2024,41.0,2,5.13,FALSE,5
2024,FY,2024,funding_by_vertical_count,sustainability,all,count,2025,40.0,2026q2,42.0,2,5.00,TRUE,3
2022,FY,2022,funding_by_vertical_size,gaming,all,usd,2023,108300000.0,2024,113300000.0,5e+06,4.62,FALSE,6
2021,FY,2021,funding_by_vertical_count,healthtech,all,count,2021,22.0,2023,23.0,1,4.55,FALSE,5
2023,FY,2023,funding_by_vertical_size,gaming,all,usd,2023,31100000.0,2024,32400000.0,1.3e+06,4.18,FALSE,5
2023,FY,2023,funding_by_vertical_count,energy,all,count,2023,24.0,2024,25.0,1,4.17,FALSE,4
2020,FY,2020,funding_by_vertical_size,marketingtech,all,usd,2020,32000000.0,2024,33299999.999999996,1.3e+06,4.06,FALSE,3
2021,FY,2021,funding_by_vertical_count,gaming,all,count,2021,52.0,2023,54.0,2,3.85,FALSE,5
2021,FY,2021,funding_by_vertical_count,saas,all,count,2023,26.0,2024,27.0,1,3.85,FALSE,4
2022,FY,2022,funding_by_vertical_count,gaming,all,count,2023,27.0,2024,28.0,1,3.70,FALSE,5
2022,FY,2022,funding_by_vertical_count,healthtech,all,count,2023,27.0,2024,28.0,1,3.70,FALSE,4
2025,FY,2025,total_deal_size,,all,usd,2025,589000000.0,2026q2,609000000.0,2e+07,3.40,TRUE,2
2022,FY,2022,funding_by_vertical_size,artificial_intelligence,all,usd,2024,152700000.0,2025,157700000.0,5e+06,3.27,FALSE,6
2025,FY,2025,total_deal_size,,ex_getir_bigg,usd,2025,586000000.0,2026q2,605000000.0,1.9e+07,3.24,TRUE,2
2023,FY,2023,funding_by_vertical_size,internet_of_things,all,usd,2024,9300000.0,2026q1,9600000.0,300000,3.23,FALSE,3
2021,FY,2021,total_deal_size,,ex_getir_bigg,usd,2024,912000000.0,2025,883000000.0,-2.9e+07,-3.18,FALSE,3
2024,FY,2024,funding_by_vertical_size,artificial_intelligence,all,usd,2024,277500000.0,2025,285500000.0,8e+06,2.88,FALSE,4
2022,FY,2022,funding_by_vertical_count,saas,all,count,2023,35.0,2024,36.0,1,2.86,FALSE,5
2022,FY,2022,funding_by_vertical_count,saas,all,count,2024,36.0,2025,35.0,-1,-2.78,FALSE,5
2023,FY,2023,funding_by_vertical_count,saas,all,count,2025,37.0,2026q2,38.0,1,2.70,TRUE,4
2023,FY,2023,funding_by_vertical_size,energy,all,usd,2023,18700000.0,2025,19200000.0,500000,2.67,TRUE,2
2022,FY,2022,funding_by_vertical_count,fintech,all,count,2024,39.0,2025,40.0,1,2.56,FALSE,5
2024,FY,2024,funding_by_vertical_size,gaming,all,usd,2024,125300000.0,2025,128500000.0,3.2e+06,2.55,FALSE,4
2023,FY,2023,funding_by_vertical_count,fintech,all,count,2024,40.0,2025,39.0,-1,-2.50,FALSE,4
2024,FY,2024,funding_by_vertical_size,internet_of_things,all,usd,2024,29200000.0,2026q1,28500000.0,-700000,-2.40,FALSE,3
2022,FY,2022,funding_by_vertical_size,gaming,all,usd,2024,113300000.0,2025,116000000.0,2.7e+06,2.38,FALSE,6
2021,FY,2021,funding_by_vertical_size,deeptech,all,usd,2021,28000000.0,2025,28600000.0,600000,2.14,FALSE,3
2023,FY,2023,funding_by_vertical_size,marketingtech,all,usd,2024,4800000.0,2025,4700000.0,-100000,-2.08,FALSE,4
2021,FY,2021,funding_by_vertical_count,artificial_intelligence,all,count,2025,49.0,2026q2,50.0,1,2.04,TRUE,5
2022,FY,2022,funding_by_vertical_size,saas,all,usd,2023,148400000.0,2024,145400000.0,-3e+06,-2.02,FALSE,6
2023,FY,2023,total_deal_count,,all,count,2024,358.0,2025,365.0,7,1.96,FALSE,3
2023,FY,2023,total_deal_count,,ex_getir_bigg,count,2024,357.0,2025,364.0,7,1.96,FALSE,3
2021,FY,2021,funding_by_vertical_size,blockchain,all,usd,2021,39000000.0,2024,39700000.0,700000,1.79,TRUE,2
2023,FY,2023,funding_by_vertical_size,fintech,all,usd,2024,30700000.0,2025,30200000.0,-500000,-1.63,FALSE,5
2022,FY,2022,funding_by_vertical_size,marketplace,all,usd,2022,61000000.0,2025,60100000.0,-900000,-1.48,TRUE,2
2024,FY,2024,funding_by_vertical_size,cybersecurity,all,usd,2024,72600000.0,2025,73600000.0,1e+06,1.38,TRUE,2
2022,FY,2022,funding_by_vertical_size,fintech,all,usd,2022,90000000.0,2023,91200000.0,1.2e+06,1.33,FALSE,6
2024,FY,2024,funding_by_vertical_size,deeptech,all,usd,2025,7700000.0,2026q2,7800000.0,100000,1.30,TRUE,2
2024,FY,2024,total_deal_size,,ex_getir_bigg,usd,2024,804000000.0,2025,814000000.0,1e+07,1.24,FALSE,3
2023,FY,2023,funding_by_vertical_size,saas,all,usd,2026q1,43900000.0,2026q2,44400000.0,500000,1.14,TRUE,5
2024,FY,2024,funding_by_vertical_size,fintech,all,usd,2024,194500000.0,2025,196600000.0,2.1e+06,1.08,FALSE,4
2023,FY,2023,funding_by_vertical_size,artificial_intelligence,all,usd,2026q1,49800000.0,2026q2,50300000.0,500000,1.00,TRUE,5
2023,FY,2023,funding_by_vertical_size,saas,all,usd,2024,44300000.0,2025,43900000.0,-400000,-0.90,FALSE,5
2024,FY,2024,funding_by_vertical_count,artificial_intelligence,all,count,2025,115.0,2026q2,116.0,1,0.87,TRUE,3
2024,FY,2024,total_deal_count,,ex_getir_bigg,count,2025,252.0,2026q2,254.0,2,0.79,TRUE,3
2018,FY,2018,total_deal_count,,all,count,2024,139.0,2025,138.0,-1,-0.72,FALSE,3
2025,FY,2025,funding_by_vertical_size,deeptech,all,usd,2025,15200000.0,2026q2,15300000.0,100000,0.66,TRUE,2
2025,FY,2025,funding_by_vertical_size,marketingtech,all,usd,2026q1,16300000.0,2026q2,16399999.999999998,100000,0.61,TRUE,3
2022,FY,2022,funding_by_vertical_size,artificial_intelligence,all,usd,2022,151000000.0,2023,151900000.0,900000,0.60,FALSE,6
2022,FY,2022,total_deal_count,,ex_getir_bigg,count,2024,353.0,2025,355.0,2,0.57,FALSE,3
2022,FY,2022,total_deal_count,,all,count,2024,354.0,2025,356.0,2,0.56,FALSE,3
2017,FY,2017,total_deal_count,,all,count,2024,186.0,2025,185.0,-1,-0.54,FALSE,3
2022,FY,2022,funding_by_vertical_size,artificial_intelligence,all,usd,2023,151900000.0,2024,152700000.0,800000,0.53,FALSE,6
2025,FY,2025,funding_by_vertical_size,artificial_intelligence,all,usd,2026q1,40300000.0,2026q2,40500000.0,200000,0.50,TRUE,3
2023,FY,2023,total_deal_size,,ex_getir_bigg,usd,2024,236000000.0,2025,237000000.0,1e+06,0.42,FALSE,3
2023,FY,2023,total_deal_size,,ex_getir_bigg,usd,2025,237000000.0,2026q2,238000000.0,1e+06,0.42,TRUE,3
2021,FY,2021,total_deal_size,,ex_getir_bigg,usd,2025,883000000.0,2026q2,880000000.0,-3e+06,-0.34,TRUE,3
2022,FY,2022,total_deal_size,,ex_getir_bigg,usd,2024,591000000.0,2025,593000000.0,2e+06,0.34,FALSE,3
2022,FY,2022,funding_by_vertical_size,fintech,all,usd,2023,91200000.0,2024,91500000.0,300000,0.33,FALSE,6
2022,FY,2022,funding_by_vertical_size,fintech,all,usd,2024,91500000.0,2025,91800000.0,300000,0.33,FALSE,6
2021,FY,2021,total_deal_count,,all,count,2024,343.0,2025,344.0,1,0.29,FALSE,3
2021,FY,2021,total_deal_count,,all,count,2025,344.0,2026q2,343.0,-1,-0.29,TRUE,3
2021,FY,2021,total_deal_count,,ex_getir_bigg,count,2024,340.0,2025,341.0,1,0.29,FALSE,3
2021,FY,2021,total_deal_count,,ex_getir_bigg,count,2025,341.0,2026q2,340.0,-1,-0.29,TRUE,3
2023,FY,2023,total_deal_count,,all,count,2025,365.0,2026q2,366.0,1,0.27,TRUE,3
2023,FY,2023,total_deal_count,,ex_getir_bigg,count,2025,364.0,2026q2,365.0,1,0.27,TRUE,3
2022,FY,2022,funding_by_vertical_size,saas,all,usd,2022,148000000.0,2023,148400000.0,400000,0.27,FALSE,6
2019,FY,2019,funding_by_vertical_size,grocery_delivery,all,usd,2019,38000000.0,2023,38100000.0,100000,0.26,FALSE,3
2025,FY,2025,funding_by_vertical_size,fintech,all,usd,2026q1,220000000.0,2026q2,220400000.0,400000,0.18,TRUE,3
2024,FY,2024,total_deal_count,,all,count,2025,588.0,2026q2,589.0,1,0.17,TRUE,3
2022,FY,2022,funding_by_vertical_size,marketingtech,all,usd,2022,125000000.0,2024,125200000.0,200000,0.16,FALSE,5
2024,FY,2024,funding_by_vertical_size,fintech,all,usd,2026q1,196600000.0,2026q2,196900000.0,300000,0.15,TRUE,4
2023,FY,2023,total_deal_size,,all,usd,2024,736000000.0,2025,737000000.0,1e+06,0.14,FALSE,3
2023,FY,2023,total_deal_size,,all,usd,2025,737000000.0,2026q2,738000000.0,1e+06,0.14,TRUE,3
2025,FY,2025,funding_by_vertical_size,fintech,all,usd,2025,219700000.0,2026q1,220000000.0,300000,0.14,FALSE,3
2025,FY,2025,funding_by_vertical_size,gaming,all,usd,2025,180900000.0,2026q1,181000000.0,100000,0.06,FALSE,3
2021,FY,2021,funding_by_vertical_size,grocery_delivery,all,usd,2021,984000000.0,2023,984400000.0,400000,0.04,FALSE,3
2022,FY,2022,funding_by_vertical_size,grocery_delivery,all,usd,2022,768000000.0,2023,768200000.0,200000,0.03,FALSE,3
